  longitude  | latitude  |        speed        
-------------+-----------+---------------------
 -122.670665 | 45.532068 |                 2.4
  -122.67074 | 45.532135 |                   2
 -122.671067 | 45.532433 |                 8.6
 -122.672623 | 45.502942 |  1.2727272727272727
  -122.67153 | 45.532833 |                11.2
 -122.672575 | 45.502853 |                 2.2
 -122.671993 | 45.533307 |                12.8
 -122.672438 | 45.533822 |                13.2
 -122.672893 |  45.53434 |                13.4
  -122.67332 | 45.534883 |                13.6
 -122.673742 | 45.535435 |                13.8
 -122.674133 | 45.535977 |                13.2
 -122.672505 | 45.502723 |                 0.5
 -122.674365 | 45.536495 |                  12
 -122.672312 | 45.502415 |                 7.4
  -122.67442 | 45.536982 |                10.6
  -122.67206 | 45.502017 |                 9.8
 -122.674423 |  45.53743 |                 9.8
 -122.674435 | 45.537863 |                 9.6
 -122.671853 | 45.501537 |                11.2
  -122.67175 |  45.50099 |                12.4
 -122.674445 | 45.538317 |                  10
 -122.674462 | 45.538777 |                10.2
 -122.671763 | 45.500448 |                  12
 -122.671785 | 45.499952 |                11.2
 -122.674662 | 45.539182 |                 9.4
 -122.675047 | 45.539452 |                 8.4
 -122.671803 | 45.499552 |                   9
 -122.671815 | 45.499382 |                   4
 -122.675522 | 45.539715 |                 9.4
 -122.676047 | 45.539983 |                  10
   -122.6766 | 45.540255 |                10.4
  -122.67701 |   45.5406 |                  10
   -122.6771 | 45.541052 |                  10
 -122.677125 | 45.541567 |                11.4
 -122.677123 |  45.54215 |                  13
 -122.677117 | 45.542737 |                12.8
 -122.677088 |  45.54328 |                  12
 -122.677132 | 45.543798 |                11.4
 -122.671823 | 45.499122 |  0.6222222222222222
 -122.671838 | 45.498838 |                 6.4
 -122.677213 | 45.544218 |                   9
 -122.677308 |   45.5445 |                 6.4
  -122.67185 | 45.498633 |                 4.6
 -122.677555 | 45.544807 |                 7.8
 -122.671857 | 45.498493 |                 3.2
  -122.67815 |    45.545 |                  10
 -122.671862 | 45.498458 |                 0.8
 -122.671862 | 45.498458 |                   0
 -122.678837 | 45.545192 |                11.8
 -122.671863 | 45.498402 |                 1.5
 -122.679687 | 45.545417 |                14.2
 -122.671865 |  45.49824 |                 3.6
  -122.68062 | 45.545662 |                15.4
 -122.671877 | 45.497982 |                 5.8
 -122.681595 | 45.545935 |                16.2
 -122.671887 |  45.49765 |                 7.4
   -122.6719 | 45.497288 |                   8
 -122.682418 | 45.546372 |                  16
 -122.683123 | 45.546895 |                  16
 -122.671908 | 45.496953 |                 7.6
 -122.671912 | 45.496777 |                 3.8
 -122.683858 | 45.547418 |                16.2
 -122.671917 | 45.496535 |                 5.4
 -122.684593 | 45.547958 |                16.4
  -122.67192 | 45.496272 |                   6
  -122.68535 | 45.548508 |                  17
  -122.68611 | 45.549063 |                  17
  -122.68689 |  45.54963 |                17.4
 -122.687695 | 45.550208 |                17.6
 -122.671925 | 45.496022 |  1.4736842105263157
 -122.688488 | 45.550785 |                17.8
 -122.671942 | 45.495632 |   7.166666666666667
  -122.68921 | 45.551373 |                  17
  -122.67196 |  45.49518 |               12.75
 -122.689872 | 45.551977 |                16.8
 -122.671977 | 45.494745 |                 9.8
 -122.690505 | 45.552553 |                15.8
 -122.672035 | 45.494463 |                 6.2
 -122.691103 | 45.553117 |                15.6
  -122.69157 |  45.55371 |                14.8
  -122.69194 | 45.554332 |                14.8
 -122.692197 | 45.554913 |                13.2
 -122.692355 |  45.55545 |                  12
 -122.692598 | 45.555863 |                 9.8
  -122.69283 | 45.556247 |                 9.2
  -122.67201 | 45.493968 |                 1.6
 -122.693062 | 45.556673 |                10.2
 -122.672025 | 45.493582 |                 8.6
  -122.69322 | 45.557177 |                11.4
 -122.672038 | 45.493325 |                 5.8
 -122.693335 | 45.557705 |                11.8
  -122.67203 | 45.493282 |                   1
 -122.693445 | 45.558233 |                11.8
  -122.67213 | 45.493185 |                 2.6
 -122.693593 | 45.558737 |                11.2
 -122.672492 | 45.493138 |                 5.6
  -122.69393 | 45.559178 |                11.2
 -122.672748 | 45.493087 |                 4.2
 -122.694257 | 45.559618 |                10.8
 -122.694478 | 45.560065 |                10.4
 -122.694662 | 45.560487 |                 9.8
  -122.69487 |  45.56093 |                10.4
 -122.695103 | 45.561395 |                10.8
 -122.695382 | 45.561847 |                10.8
 -122.695603 |  45.56226 |                 9.8
 -122.695613 | 45.562717 |                  10
 -122.695612 |  45.56309 |                   8
 -122.695602 | 45.563415 |                   7
 -122.695598 | 45.563728 |                   7
 -122.672783 | 45.493072 | 0.05660377358490566
 -122.695602 | 45.564087 |                   8
 -122.672958 | 45.492943 |                   4
 -122.695618 | 45.564422 |                 7.2
 -122.673055 | 45.492588 |                 8.2
 -122.695617 | 45.564742 |                   7
 -122.673015 | 45.492105 |                  11
 -122.695587 | 45.565062 |                 7.2
  -122.67308 |  45.49155 |                12.6
  -122.67308 |  45.49155 |                 NaN
 -122.695583 | 45.565438 |                 8.4
 -122.673302 | 45.490962 |                13.8
 -122.673302 | 45.490962 |                 NaN
 -122.695577 | 45.565852 |                 9.2
 -122.673562 | 45.490353 |                14.2
 -122.673562 | 45.490353 |                 NaN
 -122.695547 |  45.56616 |                 6.4
 -122.673907 | 45.489745 |                 NaN
 -122.673907 | 45.489745 |                14.8
 -122.674333 |  45.48918 |                 NaN
 -122.674333 |  45.48918 |                14.2
 -122.674805 | 45.488653 |                  14
 -122.674805 | 45.488653 |                 NaN
 -122.675242 | 45.488133 |                 NaN
 -122.675242 | 45.488133 |                13.6
 -122.675533 | 45.487558 |                 NaN
 -122.675533 | 45.487558 |                13.6
 -122.675668 | 45.486952 |                13.8
 -122.675668 | 45.486952 |                 NaN
 -122.675635 | 45.486348 |                 NaN
 -122.675635 | 45.486348 |                13.6
 -122.695558 | 45.566443 |  0.9428571428571428
 -122.675527 | 45.485783 |                12.6
 -122.675527 | 45.485783 |                 NaN
  -122.69557 | 45.566848 |                 9.2
 -122.675395 | 45.485373 |                 9.4
 -122.675395 | 45.485373 |                 NaN
 -122.695567 | 45.567328 |                10.6
 -122.675345 | 45.485225 |                   3
 -122.675345 | 45.485225 |                 NaN
 -122.695562 | 45.567805 |                10.4
 -122.695555 |  45.56825 |                 9.8
 -122.695547 |  45.56869 |                 9.6
 -122.695545 | 45.569093 |                   9
 -122.695522 | 45.569507 |                 8.8
 -122.695508 | 45.569775 |                 5.2
 -122.675112 | 45.484745 |                 NaN
 -122.675112 | 45.484745 |                 1.5
 -122.674865 | 45.484285 |                 NaN
 -122.674865 | 45.484285 |                11.2
 -122.674597 | 45.483785 |                 NaN
 -122.674597 | 45.483785 |                  12
 -122.674325 | 45.483275 |                12.2
 -122.674325 | 45.483275 |                 NaN
 -122.674055 | 45.482735 |                12.8
 -122.674055 | 45.482735 |                 NaN
 -122.673848 | 45.482223 |                 NaN
 -122.673848 | 45.482223 |                  12
 -122.695505 | 45.569807 |               0.075
   -122.6737 | 45.481793 |                 9.6
   -122.6737 | 45.481793 |                 NaN
 -122.695513 | 45.570028 |                 5.8
 -122.673625 | 45.481558 |                   5
 -122.673625 | 45.481558 |                 NaN
 -122.695532 | 45.570442 |                 9.4
 -122.673565 |  45.48136 |                 4.8
 -122.673565 |  45.48136 |                 NaN
 -122.695533 | 45.570943 |                11.2
  -122.67345 | 45.481008 |                 NaN
  -122.67345 | 45.481008 |                 8.4
 -122.695515 | 45.571472 |                11.6
 -122.673293 | 45.480545 |                10.8
 -122.673293 | 45.480545 |                 NaN
 -122.695505 |    45.572 |                11.6
  -122.67311 | 45.480035 |                11.8
  -122.67311 | 45.480035 |                 NaN
 -122.695523 | 45.572522 |                11.4
 -122.672945 | 45.479542 |                 NaN
 -122.672945 | 45.479542 |                11.4
 -122.695525 | 45.573012 |                10.6
 -122.672785 | 45.479045 |                11.4
 -122.672785 | 45.479045 |                 NaN
 -122.695502 | 45.573388 |                 7.6
  -122.67262 | 45.478545 |                11.6
  -122.67262 | 45.478545 |                 NaN
  -122.67246 |  45.47806 |                  11
  -122.67246 |  45.47806 |                 NaN
 -122.672343 |   45.4777 |                   8
 -122.672343 |   45.4777 |                 NaN
 -122.672322 | 45.477623 |                 NaN
 -122.672322 | 45.477623 |                 1.2
  -122.69549 | 45.574042 |                   3
 -122.695478 | 45.574502 |                10.2
 -122.695478 | 45.574955 |                  10
 -122.695492 | 45.575415 |                  10
 -122.695485 |  45.57588 |                10.4
 -122.672288 |  45.47751 |                 NaN
 -122.672288 |  45.47751 |                 0.5
 -122.695483 | 45.576353 |                10.4
 -122.672187 | 45.477197 |                 7.6
 -122.672187 | 45.477197 |                 NaN
 -122.695493 | 45.576757 |                 8.2
 -122.672055 | 45.476752 |                10.4
 -122.672055 | 45.476752 |                 NaN
   -122.6955 | 45.576957 |                 3.6
 -122.671937 | 45.476247 |                11.6
 -122.671937 | 45.476247 |                 NaN
 -122.671862 | 45.475697 |                 NaN
 -122.671862 | 45.475697 |                12.4
 -122.671808 |  45.47513 |                 NaN
 -122.671808 |  45.47513 |                12.8
 -122.671753 |  45.47457 |                 NaN
 -122.671753 |  45.47457 |                12.6
 -122.671697 | 45.474012 |                 NaN
 -122.671697 | 45.474012 |                12.4
  -122.67164 | 45.473473 |                 NaN
  -122.67164 | 45.473473 |                12.2
 -122.671585 | 45.472938 |                 NaN
 -122.671585 | 45.472938 |                  12
 -122.671567 | 45.472403 |                 NaN
 -122.671567 | 45.472403 |                  12
   -122.6955 | 45.576993 |               0.125
 -122.671613 | 45.471963 |                 NaN
 -122.671613 | 45.471963 |                 9.4
 -122.695552 |  45.57716 |                 4.2
 -122.671668 |  45.47169 |                   6
 -122.671668 |  45.47169 |                 NaN
 -122.695997 | 45.577228 |                 7.8
 -122.671733 | 45.471343 |                 NaN
 -122.671733 | 45.471343 |                 8.2
 -122.696548 | 45.577232 |                 8.5
 -122.671748 | 45.470845 |                11.6
 -122.671748 | 45.470845 |                 NaN
 -122.696868 | 45.577228 |                 5.4
 -122.671692 | 45.470265 |                13.2
 -122.671692 | 45.470265 |                 NaN
 -122.671618 | 45.469665 |                13.4
 -122.671618 | 45.469665 |                 NaN
 -122.671522 | 45.469085 |                  13
 -122.671522 | 45.469085 |                 NaN
 -122.671248 | 45.468483 |                 NaN
 -122.671248 | 45.468483 |                14.6
 -122.670687 | 45.467923 |                 NaN
 -122.670687 | 45.467923 |                15.4
 -122.670145 | 45.467352 |                 NaN
 -122.670145 | 45.467352 |                15.4
 -122.669857 | 45.466678 |                 NaN
 -122.669857 | 45.466678 |                  16
 -122.669593 | 45.465988 |                  16
 -122.669593 | 45.465988 |                 NaN
 -122.669338 | 45.465322 |                15.2
 -122.669338 | 45.465322 |                 NaN
 -122.669197 | 45.464785 |                 NaN
 -122.669197 | 45.464785 |                11.6
  -122.69726 |  45.57779 |                1.64
 -122.669173 | 45.464577 |                 NaN
 -122.669173 | 45.464577 |                 3.8
 -122.697257 | 45.578315 |                13.6
 -122.697253 |  45.57884 |                 9.2
 -122.697248 | 45.579348 |                11.2
 -122.697233 |  45.57984 |                10.8
 -122.669112 | 45.464437 |                 0.9
 -122.669112 | 45.464437 |                 NaN
 -122.697243 |  45.58033 |                10.8
 -122.697255 | 45.580815 |                10.6
 -122.697235 |  45.58129 |                10.4
  -122.69723 | 45.581768 |                10.6
 -122.697245 | 45.582175 |                 8.8
  -122.69724 | 45.582507 |                 7.4
 -122.697228 | 45.582827 |                   7
 -122.697218 | 45.583163 |                 7.4
 -122.697208 | 45.583568 |   7.333333333333333
 -122.697205 | 45.583618 |                 1.5
 -122.697205 | 45.583642 |                 0.2
   -122.6972 | 45.583855 |                 4.6
 -122.697313 | 45.584043 |                 4.6
 -122.698548 | 45.584047 |   8.727272727272727
 -122.699288 | 45.584055 |                11.4
 -122.700012 | 45.584062 |                  11
 -122.669087 | 45.464383 |                 NaN
 -122.669087 | 45.464383 | 0.07777777777777778
 -122.668997 | 45.464103 |                 NaN
 -122.668997 | 45.464103 |                 7.2
 -122.701393 | 45.584037 |                10.6
 -122.668927 | 45.463587 |                 NaN
 -122.668927 | 45.463587 |                12.4
 -122.702202 | 45.584043 |                10.5
 -122.668787 | 45.462923 |                15.2
 -122.668787 | 45.462923 |                 NaN
 -122.702848 | 45.584045 |                 9.8
 -122.668545 | 45.462205 |                 NaN
 -122.668545 | 45.462205 |                16.8
 -122.703542 | 45.584035 |                10.8
 -122.668073 | 45.461443 |                 NaN
 -122.668073 | 45.461443 |                  19
 -122.704245 | 45.584028 |                10.8
 -122.667382 |  45.46066 |                  21
 -122.667382 |  45.46066 |                 NaN
 -122.666643 | 45.459878 |                  21
 -122.705082 |  45.58403 |  10.666666666666666
 -122.666643 | 45.459878 |                 NaN
 -122.705767 | 45.584045 |                10.6
  -122.66592 | 45.459103 |                20.8
  -122.66592 | 45.459103 |                 NaN
 -122.706327 | 45.584047 |               10.75
 -122.665178 | 45.458323 |                  21
 -122.665178 | 45.458323 |                 NaN
 -122.707118 | 45.584048 |  10.166666666666666
 -122.664442 | 45.457548 |                  21
 -122.664442 | 45.457548 |                 NaN
 -122.663743 | 45.456762 |                20.8
 -122.707662 | 45.584052 |                   7
 -122.663038 | 45.455983 |                 NaN
 -122.707708 | 45.584052 |                0.75
 -122.663038 | 45.455983 |                20.6
 -122.662328 | 45.455205 |                20.8
 -122.707708 | 45.584052 |                   0
 -122.662328 | 45.455205 |                 NaN
 -122.707708 | 45.584052 |                   0
 -122.707828 | 45.584053 |                2.25
  -122.66161 | 45.454423 |                 NaN
  -122.66161 | 45.454423 |                  21
 -122.708247 | 45.584043 |                 6.6
 -122.660923 | 45.453683 |                19.4
 -122.660923 | 45.453683 |                 NaN
 -122.660347 | 45.453017 |                 NaN
 -122.708718 | 45.584053 |                 7.2
 -122.660347 | 45.453017 |                17.2
 -122.660013 | 45.452447 |                 NaN
 -122.660013 | 45.452447 |                12.8
 -122.709417 |  45.58405 |                   9
  -122.65988 | 45.452182 |                   5
  -122.65988 | 45.452182 |                 NaN
 -122.710107 | 45.584057 |   8.833333333333334
  -122.71074 | 45.584052 |   8.166666666666666
 -122.711073 |  45.58406 |                   5
 -122.659747 | 45.451932 |                1.12
 -122.659747 | 45.451932 |                 NaN
  -122.65953 | 45.451525 |                 NaN
  -122.65953 | 45.451525 |                 9.6
 -122.711748 | 45.584053 |                2.65
 -122.659268 | 45.451037 |                11.6
 -122.659268 | 45.451037 |                 NaN
 -122.712213 | 45.584065 |                   7
 -122.658968 | 45.450483 |                13.4
 -122.658968 | 45.450483 |                 NaN
 -122.712742 | 45.584075 |                 8.2
  -122.65864 | 45.449867 |                 NaN
  -122.65864 | 45.449867 |                14.8
  -122.71312 | 45.584087 |                 5.8
   -122.6583 | 45.449195 |                 NaN
   -122.6583 | 45.449195 |                  16
 -122.713297 | 45.584093 |                 2.6
  -122.65794 | 45.448488 |                16.8
  -122.65794 | 45.448488 |                 NaN
 -122.657578 | 45.447755 |                 NaN
 -122.657578 | 45.447755 |                17.4
 -122.657195 | 45.447045 |                17.2
 -122.657195 | 45.447045 |                 NaN
 -122.656877 |  45.44639 |                 NaN
 -122.656877 |  45.44639 |                15.6
 -122.656832 | 45.445803 |                 NaN
 -122.656832 | 45.445803 |                13.4
 -122.713975 | 45.584068 |                2.12
  -122.65689 | 45.445202 |                 NaN
  -122.65689 | 45.445202 |                13.4
 -122.714327 | 45.584073 |                 5.4
 -122.656915 | 45.444583 |                  14
 -122.714842 | 45.584097 |                   8
 -122.656693 | 45.443975 |                  14
 -122.715338 | 45.584138 |                 7.6
  -122.65628 | 45.443403 |                14.6
 -122.715598 | 45.584155 |                   4
 -122.655843 | 45.442843 |                14.2
  -122.65541 |  45.44229 |                14.4
  -122.65455 | 45.441155 |                14.4
 -122.716278 | 45.584127 |                2.65
 -122.654105 | 45.440532 |                15.8
 -122.716737 | 45.584117 |                   7
 -122.653685 | 45.439888 |                  16
  -122.71717 |  45.58411 |                 6.8
 -122.653288 | 45.439252 |                15.6
 -122.717707 | 45.584108 |                 8.2
 -122.652932 | 45.438643 |                14.8
 -122.718127 |   45.5841 |                 6.4
 -122.652825 | 45.437987 |                14.8
 -122.718553 | 45.584093 |                 6.8
 -122.652995 | 45.437295 |                15.8
 -122.719088 |  45.58409 |                 8.2
 -122.653232 | 45.436625 |                15.6
 -122.719487 | 45.584087 |                 6.2
 -122.653448 | 45.435997 |                14.6
 -122.719993 | 45.584085 |                 7.8
  -122.65366 | 45.435355 |                14.8
 -122.720472 | 45.584083 |                 7.4
 -122.653895 | 45.434678 |                15.6
 -122.654255 | 45.433987 |                16.6
 -122.720977 | 45.584062 |               4.875
 -122.654677 | 45.433268 |                17.4
 -122.721447 | 45.584055 |                 7.2
 -122.655082 | 45.432567 |                17.2
 -122.721852 | 45.584168 |                 6.8
 -122.655407 | 45.431897 |                15.8
 -122.722298 | 45.584345 |                 7.8
 -122.655713 |  45.43128 |                14.8
  -122.72245 | 45.584405 |                 2.4
 -122.722633 | 45.584432 |                   4
 -122.656682 |  45.43014 |                  15
 -122.722973 | 45.584127 |   7.333333333333333
  -122.65743 | 45.429603 |                16.8
 -122.723297 | 45.583677 |                  11
 -122.658068 | 45.428962 |                17.8
  -122.72364 | 45.583203 |                11.6
 -122.658357 | 45.428168 |                18.4
   -122.7239 | 45.582847 |                 8.6
 -122.658568 | 45.427357 |                18.6
 -122.724153 | 45.582485 |                 8.8
 -122.658875 | 45.426593 |                17.8
  -122.72445 | 45.582082 |                  10
 -122.659407 | 45.425908 |                17.6
 -122.724803 | 45.581598 |                11.8
 -122.659952 | 45.425257 |                16.8
  -122.72509 | 45.581253 |                 8.4
 -122.660473 | 45.424652 |                  16
 -122.660928 |  45.42413 |                13.6
 -122.661318 | 45.423642 |                12.6
 -122.661643 | 45.423183 |                11.6
 -122.661875 |  45.42283 |                 8.6
 -122.725663 | 45.580408 |                 3.5
 -122.726025 | 45.579928 |                11.6
 -122.726223 |  45.57972 |                   5
  -122.66207 | 45.422502 |  1.3333333333333333
 -122.662262 | 45.422138 |                 8.6
 -122.662438 | 45.421712 |                  10
 -122.726478 | 45.579342 |                1.96
 -122.662558 | 45.421308 |                 9.2
   -122.7268 | 45.578872 |                11.6
 -122.662633 | 45.420967 |                 7.8
 -122.727203 | 45.578333 |                13.4
 -122.727602 | 45.577793 |                13.4
 -122.727983 |  45.57729 |                12.4
 -122.728367 | 45.576805 |                12.2
 -122.662693 |  45.42068 |                 1.6
 -122.728657 | 45.576475 |                   8
 -122.662755 | 45.420565 |                 2.6
 -122.728752 | 45.576357 |                 2.4
 -122.663015 | 45.420542 |                 4.2
 -122.663497 | 45.420608 |                 7.8
 -122.664035 | 45.420672 |                 8.6
 -122.664607 | 45.420732 |                 9.2
 -122.665175 | 45.420802 |                   9
 -122.665768 | 45.420872 |                 9.6
 -122.666385 | 45.420942 |                 9.8
 -122.666965 |  45.42101 |                11.5
 -122.667372 | 45.421058 |                 6.4
 -122.667527 | 45.421075 |                 2.4
 -122.667672 | 45.421053 |  1.8333333333333333
 -122.667815 | 45.420883 |                 5.5
  -122.66785 | 45.420702 |                   4
 -122.667865 |   45.4205 |  1.1428571428571428
 -122.667922 | 45.420138 |   6.833333333333333
 -122.667953 | 45.419825 |   5.666666666666667
  -122.66772 |  45.41969 |                 4.8
  -122.66725 | 45.419653 |                 7.8
  -122.66671 | 45.419612 |                 8.8
  -122.66612 | 45.419567 |                 9.4
  -122.66551 |   45.4195 |                 9.8
   -122.6643 |  45.41936 |                 9.6
 -122.663747 | 45.419292 |                   9
 -122.663268 | 45.419235 |                 7.4
 -122.663058 | 45.419007 |                   5
 -122.663137 | 45.418678 |                 7.8
 -122.663258 |  45.41827 |                 9.6
 -122.663363 | 45.417822 |                10.2
 -122.663462 |  45.41734 |                  11
 -122.663568 | 45.416825 |                11.6
 -122.663675 | 45.416333 |                  11
 -122.663753 | 45.415982 |                 7.8
 -122.663792 | 45.415805 |                 3.6
 -122.663798 | 45.415773 |                 0.6
 -122.663798 | 45.415773 |                   0
 -122.663822 | 45.415668 |                 3.5
 -122.663905 | 45.415293 |                 8.8
 -122.664007 | 45.414823 |                10.8
 -122.664117 | 45.414322 |                11.4
 -122.664223 | 45.413825 |                11.2
 -122.664327 | 45.413365 |                10.4
 -122.664427 | 45.412898 |                10.8
 -122.664542 | 45.412355 |                12.4
  -122.66466 |  45.41177 |                13.2
 -122.664733 |  45.41121 |                12.6
 -122.664488 | 45.410687 |                12.4
 -122.664008 | 45.410185 |                13.6
 -122.663477 | 45.409752 |                12.8
  -122.66269 | 45.409585 |                13.2
  -122.66269 | 45.409585 |                 NaN
  -122.66182 | 45.409482 |                 NaN
  -122.66182 | 45.409482 |                  14
 -122.660962 | 45.409367 |                 NaN
 -122.660962 | 45.409367 |                13.8
 -122.660318 |  45.40911 |                 NaN
 -122.660318 |  45.40911 |                11.8
 -122.660055 | 45.408597 |                 NaN
 -122.660055 | 45.408597 |                  12
 -122.660067 |  45.40802 |                 NaN
 -122.660067 |  45.40802 |                  13
 -122.660068 | 45.407427 |                 NaN
 -122.660068 | 45.407427 |                13.4
 -122.660062 | 45.406805 |                14.2
 -122.660062 | 45.406805 |                 NaN
 -122.660057 | 45.406135 |                 NaN
 -122.660057 | 45.406135 |                  15
 -122.660052 | 45.405445 |                 NaN
 -122.660052 | 45.405445 |                15.6
  -122.66003 |  45.40479 |                14.4
  -122.66003 |  45.40479 |                 NaN
  -122.65985 | 45.404168 |                14.6
  -122.65985 | 45.404168 |                 NaN
 -122.658643 | 45.402928 |                 NaN
 -122.658643 | 45.402928 |                  17
 -122.657942 | 45.402285 |                 NaN
 -122.657942 | 45.402285 |                18.4
 -122.657268 | 45.401663 |                17.4
 -122.657268 | 45.401663 |                 NaN
  -122.65662 |  45.40103 |                 NaN
  -122.65662 |  45.40103 |                17.6
 -122.655973 |  45.40041 |                17.2
 -122.655973 |  45.40041 |                 NaN
 -122.655337 | 45.399828 |                 NaN
 -122.655337 | 45.399828 |                16.2
 -122.654813 | 45.399342 |                 NaN
 -122.654813 | 45.399342 |                13.4
  -122.65448 | 45.398988 |                 NaN
  -122.65448 | 45.398988 |                   9
 -122.654363 | 45.398877 |                 NaN
 -122.654363 | 45.398877 |                 2.4
 -122.654163 | 45.398735 |                 0.9
 -122.654163 | 45.398735 |                 NaN
 -122.653783 | 45.398398 |                 NaN
 -122.653783 | 45.398398 |                  10
  -122.65329 | 45.397948 |                  13
  -122.65329 | 45.397948 |                 NaN
 -122.652745 | 45.397443 |                 NaN
 -122.652745 | 45.397443 |                14.4
 -122.652155 |  45.39691 |                 NaN
 -122.652155 |  45.39691 |                15.2
 -122.651508 | 45.396358 |                16.2
 -122.651508 | 45.396358 |                 NaN
 -122.650862 | 45.395788 |                16.2
 -122.650862 | 45.395788 |                 NaN
  -122.65027 | 45.395255 |                 NaN
  -122.65027 | 45.395255 |                  15
 -122.649707 |  45.39474 |                 NaN
 -122.649707 |  45.39474 |                14.8
 -122.649112 | 45.394192 |                15.6
 -122.649112 | 45.394192 |                 NaN
 -122.648488 |  45.39362 |                 NaN
 -122.648488 |  45.39362 |                16.2
 -122.647883 | 45.393057 |                15.8
 -122.647883 | 45.393057 |                 NaN
 -122.647307 | 45.392522 |                 NaN
 -122.647307 | 45.392522 |                14.8
 -122.646872 | 45.392117 |                10.6
 -122.646872 | 45.392117 |                 NaN
 -122.646657 | 45.391915 |                   5
 -122.646657 | 45.391915 |                 NaN
 -122.646628 | 45.391888 |                 0.4
 -122.646628 | 45.391888 |                 NaN
 -122.646628 | 45.391888 |                 NaN
 -122.646628 | 45.391888 |                   0
  -122.64659 | 45.391853 |                 NaN
  -122.64659 | 45.391853 |  2.6666666666666665
 -122.646328 | 45.391613 |                 NaN
 -122.646328 | 45.391613 |                 7.4
 -122.645507 | 45.390865 |                 NaN
 -122.645507 | 45.390865 |                10.8
 -122.644997 |  45.39041 |                 NaN
 -122.644997 |  45.39041 |                13.2
 -122.644455 |  45.38991 |                14.2
 -122.644455 |  45.38991 |                 NaN
 -122.643897 | 45.389393 |                14.6
 -122.643897 | 45.389393 |                 NaN
 -122.643332 | 45.388873 |                14.8
 -122.643332 | 45.388873 |                 NaN
  -122.64276 |  45.38835 |                 NaN
  -122.64276 |  45.38835 |                14.8
 -122.642222 |  45.38785 |                13.8
 -122.642222 |  45.38785 |                 NaN
 -122.641722 | 45.387385 |                  13
 -122.641722 | 45.387385 |                 NaN
 -122.641245 | 45.386953 |                12.2
 -122.641245 | 45.386953 |                 NaN
 -122.640782 | 45.386518 |                12.2
 -122.640782 | 45.386518 |                 NaN
 -122.640287 |  45.38606 |                13.2
 -122.640287 |  45.38606 |                 NaN
 -122.639757 | 45.385555 |                14.2
 -122.639757 | 45.385555 |                 NaN
 -122.639305 | 45.384985 |                14.8
 -122.639305 | 45.384985 |                 NaN
 -122.639112 | 45.384325 |                  15
 -122.639112 | 45.384325 |                 NaN
 -122.638958 | 45.383688 |                14.6
 -122.638958 | 45.383688 |                 NaN
 -122.638582 |  45.38308 |                 NaN
 -122.638582 |  45.38308 |                  15
 -122.638038 | 45.382452 |                16.8
 -122.638038 | 45.382452 |                 NaN
 -122.637518 | 45.381802 |                16.6
 -122.637518 | 45.381802 |                 NaN
 -122.637187 | 45.381125 |                16.2
 -122.637187 | 45.381125 |                 NaN
 -122.636962 | 45.380437 |                15.8
 -122.636962 | 45.380437 |                 NaN
 -122.636582 | 45.379778 |                 NaN
 -122.636582 | 45.379778 |                12.8
  -122.63597 | 45.379192 |                16.4
  -122.63597 | 45.379192 |                 NaN
 -122.635298 |  45.37863 |                19.8
 -122.635298 |  45.37863 |                 NaN
 -122.634642 | 45.378067 |                16.2
 -122.634642 | 45.378067 |                 NaN
 -122.634003 | 45.377515 |                 NaN
 -122.634003 | 45.377515 |                12.8
 -122.633382 | 45.376975 |                15.6
 -122.633382 | 45.376975 |                 NaN
 -122.632138 | 45.375897 |                15.6
 -122.632138 | 45.375897 |                 NaN
 -122.631528 | 45.375378 |                15.2
 -122.631528 | 45.375378 |                 NaN
 -122.630833 | 45.374893 |                15.4
 -122.630833 | 45.374893 |                 NaN
 -122.629362 | 45.373897 |                16.2
 -122.629362 | 45.373897 |                 NaN
 -122.627812 | 45.372983 |                  16
 -122.627812 | 45.372983 |                 NaN
 -122.626905 | 45.372555 |                17.2
 -122.626905 | 45.372555 |                 NaN
 -122.626017 |  45.37214 |                16.8
 -122.626017 |  45.37214 |                 NaN
 -122.625232 | 45.371772 |                  15
 -122.625232 | 45.371772 |                 NaN
  -122.62452 | 45.371428 |                13.6
  -122.62452 | 45.371428 |                 NaN
  -122.62386 | 45.371112 |                12.8
  -122.62386 | 45.371112 |                 NaN
   -122.6234 |  45.37091 |                 8.6
   -122.6234 |  45.37091 |                 NaN
 -122.623212 | 45.370832 |                 3.6
 -122.623212 | 45.370832 |                 NaN
 -122.623012 | 45.370753 |                 3.4
  -122.62246 | 45.370567 |                 9.6
 -122.621718 | 45.370332 |                12.8
   -122.6209 | 45.370083 |                  14
 -122.620087 | 45.369772 |                14.6
 -122.619342 | 45.369345 |                15.2
  -122.61862 |  45.36892 |                  15
 -122.617888 | 45.368483 |                  15
 -122.616395 | 45.367603 |                15.4
 -122.615642 | 45.367218 |                14.8
 -122.614892 | 45.366898 |                13.8
 -122.614172 | 45.366597 |                13.2
 -122.613433 | 45.366268 |                13.8
 -122.612777 | 45.365895 |                13.4
   -122.6125 |   45.3657 |                 6.2
 -122.612467 | 45.365673 |                0.16
 -122.612195 | 45.365482 |                   6
 -122.611732 |  45.36514 |                10.6
 -122.611282 | 45.364678 |                12.6
 -122.610888 | 45.364212 |                12.2
 -122.610565 | 45.363843 |                 9.6
 -122.610367 | 45.363617 |                   6
  -122.61016 | 45.363375 |                 6.2
  -122.60989 | 45.363035 |                 8.8
 -122.609615 | 45.362595 |                10.8
 -122.609557 | 45.362058 |                11.8
 -122.609927 |  45.36165 |                10.8
 -122.610527 | 45.361665 |                  10
 -122.610785 | 45.362055 |                10.2
  -122.61037 | 45.362452 |                11.8
 -122.609618 |  45.36275 |                  14
 -122.608785 | 45.363018 |                14.4
 -122.607877 |  45.36331 |                15.8
 -122.606753 |  45.36364 |                19.2
  -122.60548 | 45.363987 |                21.6
 -122.604173 | 45.364338 |                  22
 -122.602945 | 45.364688 |                20.8
 -122.601855 | 45.364995 |                18.6
 -122.600893 | 45.365223 |                15.8
 -122.600148 | 45.365253 |                11.8
 -122.599673 | 45.364998 |                 9.4
 -122.599655 | 45.364573 |                 9.4
 -122.600127 | 45.364312 |                 9.6
 -122.600707 |   45.3643 |                 9.4
 -122.601155 | 45.364103 |                 9.2
 -122.601417 | 45.363667 |                10.4
 -122.601765 |  45.36322 |                11.4
 -122.602175 | 45.362777 |                11.8
 -122.602593 | 45.362345 |                11.6
  -122.60299 | 45.361943 |                10.8
 -122.603332 |  45.36157 |                  10
 -122.603632 |   45.3613 |                 7.4
 -122.603698 |  45.36124 | 0.15555555555555556
 -122.603778 | 45.361142 |                 2.8
 -122.729142 | 45.576118 |                 5.4
 -122.603617 | 45.360962 |                   6
 -122.729422 | 45.576225 |                 5.4
  -122.60338 | 45.360855 |                 4.2
 -122.729877 | 45.576393 |                   8
 -122.603303 | 45.360815 |                 1.4
 -122.730252 |  45.57654 |                 6.2
  -122.60329 | 45.360683 |  2.6666666666666665
 -122.730333 |  45.57671 |                 3.6
  -122.60353 |  45.36046 |                7.75
 -122.730205 |  45.57688 |                 4.2
 -122.603822 | 45.360187 |                 7.8
 -122.730068 | 45.577058 |                   5
 -122.604198 |  45.35997 |                 7.6
  -122.72995 | 45.577195 |                   3
 -122.604538 | 45.359833 |                   6
 -122.729853 | 45.577255 |                 1.8
 -122.729613 | 45.577228 |                 3.8
 -122.729288 | 45.577085 |                 6.2
 -122.728933 | 45.576928 |                 6.6
 -122.728637 | 45.576788 |                 5.2
 -122.728538 |  45.57675 |                 1.8
 -122.728275 | 45.576837 |                 4.8
 -122.728027 | 45.577157 |                 8.2
 -122.727745 | 45.577533 |                 9.2
 -122.727452 | 45.577938 |                  10
  -122.72715 | 45.578345 |                  10
 -122.726838 | 45.578757 |                  10
 -122.726525 | 45.579173 |                10.4
 -122.726195 | 45.579618 |                  11
 -122.725857 | 45.580078 |                11.2
 -122.725513 | 45.580548 |                11.8
 -122.725162 | 45.581025 |                11.6
 -122.724818 |  45.58149 |                11.6
  -122.72447 |  45.58192 |                10.4
  -122.72423 | 45.582213 |                 6.8
 -122.724155 | 45.582313 |                 1.6
 -122.724155 | 45.582313 |                   0
 -122.724155 | 45.582313 |  0.3333333333333333
 -122.724155 | 45.582313 |                   0
 -122.724068 | 45.582435 |                 3.6
 -122.723882 | 45.582693 |                 6.6
 -122.723655 | 45.583035 |                 8.4
 -122.723387 | 45.583408 |                 9.2
 -122.723098 | 45.583793 |                 9.6
  -122.72283 |  45.58416 |                 8.6
 -122.722705 | 45.584325 |                 3.2
 -122.722588 | 45.584408 |                   3
 -122.722265 | 45.584342 |                 5.6
 -122.721845 | 45.584182 |                 7.2
 -122.721498 | 45.584055 |                 5.8
 -122.721087 | 45.584065 |                 6.4
 -122.720593 | 45.584072 |                 7.6
 -122.720138 | 45.584072 |                 6.8
 -122.719197 | 45.584075 |                 7.2
 -122.718755 | 45.584075 |                 6.8
 -122.718273 | 45.584073 |                9.25
 -122.717858 | 45.584073 |                 6.4
   -122.7174 | 45.584073 |                   7
 -122.717133 | 45.584082 |                 3.6
  -122.71681 |  45.58408 |                 5.4
 -122.716382 | 45.584082 |   5.666666666666667
 -122.715873 | 45.584083 |                9.75
 -122.715452 | 45.584075 |                   5
  -122.71496 | 45.584047 |                 9.2
 -122.714397 | 45.584025 |                   7
 -122.713983 | 45.584013 |   6.333333333333333
 -122.713657 | 45.584008 |                   5
 -122.713453 | 45.584007 |                 3.5
 -122.712967 | 45.584013 |                7.75
 -122.712573 | 45.584007 |   6.166666666666667
 -122.712092 | 45.583993 |                 7.5
 -122.711727 | 45.583985 |   5.666666666666667
 -122.711565 | 45.583983 |                   2
 -122.710588 | 45.584005 |                2.96
 -122.710052 | 45.584007 |                 8.2
 -122.709653 | 45.583998 |                 6.2
 -122.709187 | 45.583998 |                 7.2
  -122.70871 | 45.583997 |                 7.4
 -122.708368 | 45.583973 |                 5.4
  -122.70815 | 45.583967 |  2.8333333333333335
 -122.707542 |  45.58399 |  0.3219178082191781
  -122.70679 | 45.583993 |   9.666666666666666
 -122.706138 | 45.583988 |                  10
 -122.705505 | 45.583983 |                 9.8
 -122.704865 | 45.583985 |                 9.8
 -122.704053 | 45.583982 |                10.5
 -122.703295 | 45.583965 |   9.666666666666666
 -122.702883 | 45.583955 |                 6.4
 -122.702278 | 45.583977 |  1.7692307692307692
  -122.70175 | 45.583985 |                 8.2
 -122.701095 |  45.58398 |                10.2
  -122.70043 | 45.583968 |                10.2
 -122.699812 | 45.583965 |                 9.6
 -122.699195 | 45.583982 |                 9.4
 -122.698743 | 45.583975 |                8.75
 -122.698048 | 45.583973 |                   9
  -122.69761 | 45.583967 |                 6.6
 -122.697388 | 45.583965 |                 3.4
 -122.697248 | 45.583945 |                 2.2
 -122.697157 | 45.583747 |                 4.6
 -122.697177 | 45.583438 |                   7
 -122.697175 |  45.58313 |                 6.8
 -122.697202 | 45.582857 |                 5.8
 -122.697215 |  45.58258 |                   6
 -122.697223 | 45.582277 |                 6.6
 -122.697233 | 45.582017 |                 5.8
 -122.697238 | 45.581688 |                 7.2
 -122.697235 | 45.581322 |                 8.2
 -122.697243 | 45.580913 |                   9
 -122.697247 |  45.58049 |                 9.2
  -122.69726 | 45.580098 |                 8.6
  -122.69728 | 45.579687 |                   9
  -122.69728 | 45.579242 |                 9.8
 -122.697277 | 45.578795 |                 9.8
  -122.69727 | 45.578365 |                 9.4
 -122.697302 | 45.578027 |                 7.2
 -122.697325 |  45.57786 |                 3.6
 -122.697293 | 45.577672 |                 1.1
 -122.697272 | 45.577433 |                   5
 -122.697272 | 45.577363 |                 1.4
 -122.697275 | 45.577275 | 0.36666666666666664
  -122.69716 | 45.577085 |                 4.8
 -122.696632 | 45.577055 |                 8.2
 -122.696038 | 45.577057 |                 9.2
  -122.69566 |  45.57704 |                 5.6
 -122.695515 | 45.576893 |                 3.8
 -122.695495 | 45.576547 |                 7.8
   -122.6955 |  45.57614 |                   9
 -122.695513 | 45.575742 |                 8.8
 -122.695522 | 45.575312 |                 9.4
 -122.695527 | 45.574842 |                10.4
 -122.695533 | 45.574367 |                10.4
 -122.695542 |  45.57391 |                  10
 -122.695547 | 45.573467 |                 9.6
 -122.695543 | 45.573032 |                 9.6
 -122.695563 | 45.572607 |                 9.4
 -122.695575 |  45.57217 |                 9.6
 -122.695587 | 45.571713 |                  10
 -122.695577 | 45.571248 |                10.2
 -122.695572 | 45.570807 |                 9.6
 -122.695578 | 45.570433 |                 8.2
   -122.6956 | 45.570198 |                 4.8
  -122.69561 | 45.570032 |                 3.8
 -122.695615 | 45.569702 |                 7.4
  -122.69561 | 45.569295 |                 9.2
  -122.69561 | 45.568852 |                 9.8
 -122.695608 | 45.568422 |                 9.4
 -122.695602 | 45.567998 |                 9.2
 -122.695603 | 45.567552 |                 9.8
 -122.695608 | 45.567118 |                 9.6
 -122.695613 | 45.566755 |                 7.8
 -122.695617 | 45.566378 |                 8.4
 -122.695617 | 45.565987 |                 8.6
  -122.69562 | 45.565623 |                 7.8
 -122.695623 |  45.56533 |                 6.4
 -122.695632 | 45.565005 |                 7.2
 -122.695668 |  45.56471 |                 6.4
 -122.695673 | 45.564462 |                 5.4
 -122.695673 | 45.564177 |                 6.4
 -122.695645 | 45.563825 |                   8
  -122.69565 | 45.563417 |                   9
 -122.695657 | 45.563045 |                   8
 -122.695667 |  45.56267 |                 8.4
 -122.695685 |  45.56225 |                 9.2
 -122.695507 |  45.56184 |                 9.6
  -122.69521 | 45.561388 |                11.2
 -122.694963 | 45.560903 |                11.2
 -122.694783 | 45.560527 |                 8.4
 -122.694698 | 45.560352 |                 3.4
 -122.694697 | 45.560347 |                   0
 -122.694697 | 45.560347 |                   0
 -122.694697 | 45.560347 |  0.3333333333333333
  -122.69469 | 45.560333 |                   1
 -122.694555 | 45.560035 |                 7.8
 -122.694305 |  45.55954 |                11.8
 -122.693922 | 45.559033 |                12.6
 -122.693552 | 45.558522 |                12.6
 -122.693403 |  45.55791 |                  14
 -122.693295 | 45.557225 |                15.2
 -122.693113 |  45.55657 |                14.4
 -122.692792 |  45.55599 |                13.8
 -122.692475 | 45.555458 |                12.4
 -122.692272 | 45.554927 |                12.2
 -122.692015 | 45.554357 |                13.4
 -122.691658 | 45.553775 |                  14
 -122.691218 |  45.55319 |                14.6
 -122.690663 |  45.55261 |                15.4
 -122.690038 | 45.552047 |                15.8
 -122.689405 | 45.551473 |                  16
 -122.688783 | 45.550925 |                15.2
 -122.688143 | 45.550447 |                14.4
 -122.687513 | 45.549985 |                  14
 -122.686858 | 45.549502 |                14.8
 -122.686197 |  45.54901 |                14.8
 -122.685483 | 45.548522 |                15.6
  -122.68474 |  45.54798 |                16.8
 -122.683973 |  45.54741 |                17.2
 -122.683202 |  45.54685 |                17.2
 -122.682472 | 45.546328 |                15.8
 -122.681708 | 45.545893 |                15.2
 -122.680833 | 45.545645 |                14.6
 -122.679965 |  45.54542 |                14.2
 -122.679168 | 45.545213 |                12.8
 -122.678707 | 45.545093 |                 6.4
  -122.67863 | 45.545073 |  0.3333333333333333
  -122.67858 | 45.545062 |                   1
 -122.678368 | 45.545007 |                 4.2
 -122.677945 | 45.544887 |                 7.2
 -122.677523 | 45.544635 |                   9
  -122.67731 |  45.54416 |                11.2
 -122.677255 | 45.543598 |                12.4
 -122.677257 | 45.543023 |                12.8
  -122.67726 | 45.541843 |                12.9
 -122.677272 | 45.541267 |                12.4
 -122.677252 | 45.540717 |                 9.6
  -122.67692 | 45.540248 |                13.8
 -122.676322 | 45.539913 |                 9.6
 -122.675737 | 45.539597 |                14.5
 -122.675285 | 45.539358 |                 8.8
 -122.674847 | 45.539088 |   9.166666666666666
 -122.674633 | 45.538603 |                   9
 -122.674668 | 45.538033 |                15.5
 -122.674683 | 45.537397 |                  14
 -122.674658 | 45.536715 |                14.8
  -122.67441 | 45.536005 |  16.166666666666668
 -122.673912 | 45.535328 |                  17
(941 rows)

